{"cameraMode":{"drawMode":0,"name":"Shaded","section":"Shading Mode"},"sceneLighting":true,"audioPlay":false,"sceneViewState":{"showFog":true,"showMaterialUpdate":false,"showSkybox":true,"showFlares":true,"showImageEffects":true,"showParticleSystems":true},"in2DMode":false,"pivot":{"x":1.75439453125,"y":2.39990234375,"z":18.08642578125},"rotation":{"x":0.21928098797798158,"y":0.3749440014362335,"z":-0.0917598083615303,"w":0.8960649371147156},"size":4.15280294418335,"orthographic":true}