{"cameraMode":{"drawMode":0,"name":"Shaded","section":"Shading Mode"},"sceneLighting":false,"audioPlay":false,"sceneViewState":{"showFog":true,"showMaterialUpdate":false,"showSkybox":false,"showFlares":true,"showImageEffects":true,"showParticleSystems":true},"in2DMode":false,"pivot":{"x":2.551504611968994,"y":1.093500018119812,"z":20.920604705810548},"rotation":{"x":-0.02888444997370243,"y":-0.9701633453369141,"z":0.1466340720653534,"w":-0.1913328617811203},"size":145.95387268066407,"orthographic":true}