{"cameraMode":{"drawMode":0,"name":"Shaded","section":"Shading Mode"},"sceneLighting":true,"audioPlay":false,"sceneViewState":{"showFog":true,"showMaterialUpdate":false,"showSkybox":true,"showFlares":true,"showImageEffects":true,"showParticleSystems":true},"in2DMode":false,"pivot":{"x":75.61837005615235,"y":6.847362995147705,"z":1.4197672605514527},"rotation":{"x":0.1012725904583931,"y":0.1971166878938675,"z":-0.020483925938606263,"w":0.9749827980995178},"size":10.918041229248047,"orthographic":true}